"keyword","area"
"adviser","acadSupport"
"advising","acadSupport"
"advisor","acadSupport"
"assignment","assessment"
"exam","assessment"
"feedback","assessment"
"final","assessment"
"grade","assessment"
"grading","assessment"
"homework","assessment"
"lockdownbrowser","assessment"
"midterm","assessment"
"paper","assessment"
"project","assessment"
"quiz","assessment"
"report","assessment"
"score","assessment"
"test","assessment"
"worksheet","assessment"
"communicat","communication"
"discord","communication"
"email","communication"
"groupme","communication"
"guideline","communication"
"inform","communication"
"notif","communication"
"asynch","course"
"attend","course"
"class","course"
"course","course"
"deadline","course"
"discussionbased","course"
"discussionboard","course"
"discussionpost","course"
"groupmate","course"
"inperson","course"
"interaction","course"
"interactive","course"
"laborator","course"
"laboratory","course"
"lecture","course"
"material","course"
"module","course"
"note","course"
"notes","course"
"online","course"
"powerpoint","course"
"recitation","course"
"record","course"
"slide","course"
"syllabus","course"
"synch","course"
"timezone","course"
"video","course"
"virtual","course"
"workload","course"
"finaid","finAid"
"finhardship","finAid"
"finrelief","finAid"
"grant","finAid"
"pell","finAid"
"academicdishonesty","honCode"
"cheat","honCode"
"chegg","honCode"
"honorcode","honCode"
"instructor","instructor"
"lecturer","instructor"
"lecturing","instructor"
"officeHour","instructor"
"teachassist","instructor"
"foriegn","international"
"international","international"
"internationalstudent","international"
"administration","msu"
"michiganstate","msu"
"msu","msu"
"school","msu"
"university","msu"
"coronavirus","pandemic"
"covid","pandemic"
"pandemic","pandemic"
"quarantine","pandemic"
"remote","pandemic"
"virus","pandemic"
"child","parents"
"childcare","parents"
"daycare","parents"
"paidleave","parents"
"parent","parents"
"career","postMSU"
"employment","postMSU"
"internship","postMSU"
"job","postMSU"
"professionaldevelopment","postMSU"
"athome","studentLife"
"club","studentLife"
"fraternity","studentLife"
"friend","studentLife"
"greek","studentLife"
"greeklife","studentLife"
"offcampus","studentLife"
"sorority","studentLife"
"workfulltime","studentLife"
"browser","technology"
"camera","technology"
"computer","technology"
"d2l","technology"
"iclicker","technology"
"internet","technology"
"ipad","technology"
"iphone","technology"
"laptop","technology"
"license","technology"
"microsoft","technology"
"platform","technology"
"software","technology"
"tablet","technology"
"technolog","technology"
"tophat","technology"
"webpage","technology"
"website","technology"
"wifi","technology"
"zoom","technology"
"fee","tuition"
"cost","tuition"
"discount","tuition"
"money","tuition"
"price","tuition"
"refund","tuition"
"stipend","tuition"
"tuition","tuition"
"alienate","wellbeing"
"alienation","wellbeing"
"anxieties","wellbeing"
"anxiety","wellbeing"
"balance","wellbeing"
"balanced","wellbeing"
"boring","wellbeing"
"burnout","wellbeing"
"caps ","wellbeing"
"comfortable","wellbeing"
"concentration","wellbeing"
"counseling","wellbeing"
"depressed","wellbeing"
"depressing","wellbeing"
"depression","wellbeing"
"difficulties","wellbeing"
"difficulty","wellbeing"
"disabilities","wellbeing"
"disability","wellbeing"
"disadvantage","wellbeing"
"disappoint","wellbeing"
"disappointing","wellbeing"
"disappointment","wellbeing"
"disconnect","wellbeing"
"disconnection","wellbeing"
"distract","wellbeing"
"distracting","wellbeing"
"distraction","wellbeing"
"empathy","wellbeing"
"encourage","wellbeing"
"encouraged","wellbeing"
"encouraging","wellbeing"
"exhaust","wellbeing"
"exhausted","wellbeing"
"exhausting","wellbeing"
"facetoface","wellbeing"
"fatigue","wellbeing"
"frustrate","wellbeing"
"frustrated","wellbeing"
"frustrating","wellbeing"
"healthcare","wellbeing"
"hope","wellbeing"
"isolate","wellbeing"
"isolated","wellbeing"
"isolating","wellbeing"
"loneliness","wellbeing"
"lonely","wellbeing"
"mental","wellbeing"
"mentalhealth","wellbeing"
"motivate","wellbeing"
"motivated","wellbeing"
"motivation","wellbeing"
"neglect","wellbeing"
"neglected","wellbeing"
"overwhelm","wellbeing"
"overwhelmed","wellbeing"
"overwhelming","wellbeing"
"payattention","wellbeing"
"sadness","wellbeing"
"selfcare","wellbeing"
"social","wellbeing"
"socialinteraction","wellbeing"
"stress","wellbeing"
"struggle","wellbeing"
"struggled","wellbeing"
"struggling","wellbeing"
"suffer","wellbeing"
"suffering","wellbeing"
"supportsystem","wellbeing"
"tired","wellbeing"
"tiring","wellbeing"
"wellbeing","wellbeing"
"willpower","wellbeing"
"worried","wellbeing"
"worry","wellbeing"
